id,type
647,Goblins
2,Goblins
777,Goblins
507,Goblins
204,Goblins
47,Goblins
294,Goblins
133,Goblins
247,Goblins
614,Goblins
93,Goblins
107,Goblins
627,Goblins
323,Goblins
804,Goblins
71,Goblins
7,Goblins
846,Goblins
701,Goblins
218,Goblins
358,Goblins
325,Goblins
754,Goblins
685,Goblins
651,Goblins
237,Goblins
215,Goblins
575,Goblins
96,Goblins
877,Goblins
819,Goblins
556,Goblins
743,Goblins
161,Goblins
536,Goblins
669,Goblins
676,Goblins
896,Goblins
837,Goblins
368,Goblins
861,Goblins
582,Goblins
118,Goblins
590,Goblins
168,Goblins
143,Goblins
751,Goblins
632,Goblins
674,Goblins
69,Goblins
514,Goblins
686,Goblins
159,Goblins
175,Goblins
193,Goblins
793,Goblins
367,Goblins
28,Goblins
131,Goblins
429,Goblins
90,Goblins
534,Goblins
302,Goblins
258,Goblins
283,Goblins
494,Goblins
45,Goblins
342,Goblins
557,Goblins
715,Goblins
897,Goblins
165,Goblins
197,Goblins
287,Goblins
820,Goblins
447,Goblins
113,Goblins
8,Goblins
450,Goblins
654,Goblins
25,Goblins
397,Goblins
262,Goblins
23,Goblins
394,Goblins
85,Goblins
637,Goblins
351,Goblins
54,Goblins
369,Goblins
199,Goblins
506,Goblins
584,Goblins
545,Goblins
855,Goblins
772,Goblins
630,Goblins
35,Goblins
189,Goblins
115,Goblins
